City,Lat,Lng,Max Temp,Humidity,Cloudiness,Wind Speed,Country,Date
Puerto del Rosario,28.5,-13.86,296.15,78,20,1,ES,1592427735
Carnarvon,-24.87,113.63,293.15,100,75,2.1,AU,1592427403
Nanortalik,60.14,-45.24,277.05,76,99,3.98,GL,1592427397
Tautira,-17.73,-149.15,301.15,74,75,3.6,PF,1592427431
Hermanus,-34.42,19.23,283.15,84,2,3.19,ZA,1592427402
Mataura,-46.19,168.86,277.04,83,0,1.34,NZ,1592427264
Esperance,-33.87,121.9,286.15,87,75,5.7,AU,1592427250
Lata,40.16,-8.33,289.82,73,0,1.79,PT,1592427425
Lamu,-2.27,40.9,298.6,80,44,9.24,KE,1592427735
Saint-Philippe,-21.36,55.77,294.15,88,75,7.2,RE,1592427410
Sioux Lookout,50.1,-91.92,305.15,40,20,6.2,CA,1592427423
Kapaa,22.08,-159.32,301.48,74,75,6.7,US,1592427271
Tazovsky,67.47,78.7,276.45,75,59,2.35,RU,1592427440
Ibitinga,-21.76,-48.83,299.15,57,1,3.6,BR,1592427526
Busselton,-33.65,115.33,283.71,58,9,8.79,AU,1592427219
Punta Arenas,-53.15,-70.92,273.15,84,0,2.6,CL,1592427328
Jamestown,42.1,-79.24,299.26,39,1,3.6,US,1592427121
Celestún,20.87,-90.4,302.26,73,5,6.21,MX,1592427737
Mar del Plata,-38.0,-57.56,291.15,93,90,1.5,AR,1592427340
Albany,42.6,-73.97,304.26,25,0,1.46,US,1592427399
Hilo,19.73,-155.09,299.82,57,90,2.23,US,1592427237
Pevek,69.7,170.31,279.84,64,99,2.28,RU,1592427397
Fort Frances,48.6,-93.4,307.04,40,1,5.7,CA,1592427737
Mayumba,-3.43,10.66,295.69,91,62,0.98,GA,1592427738
Avera,33.19,-82.53,297.15,57,90,2.6,US,1592427441
Dingle,11.0,122.67,298.51,83,100,1.25,PH,1592427416
Hambantota,6.12,81.12,300.23,85,68,6.96,LK,1592427738
Hithadhoo,-0.6,73.08,302.13,74,24,3.08,MV,1592427400
Rikitea,-23.12,-134.97,297.29,79,23,6.91,PF,1592427204
Tuktoyaktuk,69.45,-133.04,280.15,93,75,3.6,CA,1592427404
Bambous Virieux,-20.34,57.76,294.15,88,75,8.2,MU,1592427397
Banda Aceh,5.56,95.32,300.36,77,94,1.97,ID,1592427399
Ardeşen,41.19,40.99,294.15,88,20,3.1,TR,1592427739
Hervey Bay,-25.3,152.85,288.71,87,1,3.6,AU,1592427426
Bengkulu,-3.8,102.27,298.01,87,71,1.98,ID,1592427413
Katsuura,35.13,140.3,294.26,88,75,3.6,JP,1592427437
Bagé,-31.33,-54.11,297.15,60,66,5.7,BR,1592427596
Geraldton,-28.77,114.6,290.15,77,40,9.8,AU,1592427404
Salinas,36.68,-121.66,299.15,34,1,6.2,US,1592427713
Calama,-22.47,-68.93,293.15,19,0,10.3,CL,1592427449
Faanui,-16.48,-151.75,300.27,80,100,3.75,PF,1592427423
Port Elizabeth,-33.92,25.57,283.15,93,0,1,ZA,1592427403
Yellowknife,62.46,-114.35,289.26,43,40,7.7,CA,1592427133
Portland,45.52,-122.68,294.26,52,40,3.1,US,1592427270
Vila Franca do Campo,37.72,-25.43,291.15,72,20,6.7,PT,1592427423
Lat Yao,15.75,99.79,296.96,95,100,4.62,TH,1592427740
Ushuaia,-54.8,-68.3,276.15,74,40,1.5,AR,1592427219
Kaitangata,-46.28,169.85,279.82,60,11,2.24,NZ,1592427411
Morehead,37.27,-87.18,301.15,50,90,4.1,US,1592427741
Valkeakoski,61.26,24.03,294.26,64,3,2.1,FI,1592427741
São João da Barra,-21.64,-41.05,296.15,69,20,4.6,BR,1592427436
Frankfort,-27.27,28.48,276.57,91,62,2.28,ZA,1592427466
Tzimol,16.27,-92.27,292.87,97,100,1.13,MX,1592427741
Guerrero Negro,27.98,-114.06,296.72,49,0,7.42,MX,1592427442
Hobart,-42.88,147.33,274.82,82,20,4.6,AU,1592427350
Belmonte,-15.86,-38.88,297.15,64,75,3.6,BR,1592427404
Puksoozero,62.59,40.61,280.74,62,0,1.38,RU,1592427741
Grindavik,63.84,-22.43,282.15,76,75,7.7,IS,1592427413
Ostrovnoy,68.05,39.51,278.15,76,0,1.91,RU,1592427411
Upernavik,72.79,-56.15,274.94,86,0,2.14,GL,1592427403
Yar-Sale,66.83,70.83,275.71,81,7,2.92,RU,1592427742
Vostok,46.49,135.88,280.9,100,100,0.18,RU,1592427412
Callaway,30.15,-85.57,304.15,54,20,2.6,US,1592427742
Kindu,-2.95,25.95,293.41,60,4,0.82,CD,1592427742
Laguna,38.42,-121.42,302.59,20,1,5.7,US,1592427424
Inongo,-1.95,18.27,294.75,59,1,1.24,CD,1592427424
Arlit,18.74,7.39,307.92,9,0,7.15,NE,1592427742
Sørland,67.67,12.69,285.15,62,0,6.2,NO,1592427256
Port Alfred,-33.59,26.89,285.37,87,0,2.24,ZA,1592427399
Westfield,42.13,-72.75,302.59,24,1,1.5,US,1592427537
Muzhi,65.37,64.67,275.99,79,37,5.22,RU,1592427743
Vestmanna,62.16,-7.17,282.15,93,99,3.1,FO,1592427407
Avila,40.58,-5.0,289.26,48,45,0.89,ES,1592427743
Dikson,73.51,80.55,273.64,92,97,1.12,RU,1592427408
Anandnagar,27.1,83.28,300.93,82,100,4.53,IN,1592427743
Nikolskoye,59.7,30.79,294.15,73,20,4,RU,1592427398
Capão da Canoa,-29.75,-50.01,291.94,86,0,3.78,BR,1592427610
Pontes e Lacerda,-15.23,-59.34,301.4,56,0,1.73,BR,1592427743
Pimentel,-6.84,-79.93,296.15,56,0,9.3,PE,1592427743
Airai,-8.93,125.41,286.07,100,29,2.11,TL,1592427417
Colares,38.8,-9.45,290.93,72,20,4.6,PT,1592427743
Maniitsoq,65.42,-52.9,276.16,80,61,3.17,GL,1592427744
Lavrentiya,65.58,-171.0,282.8,66,59,1.21,RU,1592427405
Tasiilaq,65.61,-37.64,276.15,86,100,12.3,GL,1592427415
Chulym,55.1,80.96,283.48,89,17,2.21,RU,1592427744
Rio Grande,-32.03,-52.1,295.15,78,95,4.6,BR,1592427673
Padang,-0.95,100.35,298.42,79,13,2.46,ID,1592427417
Qui Nhon,13.77,109.23,299.08,75,0,2.11,VN,1592427160
Tura,25.52,90.22,297.0,98,100,2.91,IN,1592427744
Minsk,53.9,27.57,295.15,60,0,2,BY,1592427225
Ishigaki,24.34,124.16,301.9,83,92,10.05,JP,1592427744
Vaini,-21.2,-175.2,296.15,73,20,6.2,TO,1592427398
Powell River,49.85,-124.54,292.15,59,40,2.6,CA,1592427745
Butaritari,3.07,172.79,301.3,76,1,5.97,KI,1592427397
Burlington,39.88,-74.64,295.15,77,90,4.6,US,1592427545
Havelock,34.88,-76.9,297.04,80,45,0.45,US,1592427418
Porosozero,62.72,32.73,284.03,68,0,1.65,RU,1592427745
Narva-Jõesuu,59.46,28.04,291.87,92,0,3.11,EE,1592427745
Atuona,-9.8,-139.03,300.05,73,0,6.93,PF,1592427414
Totness,5.88,-56.32,299.87,84,61,3.98,SR,1592427745
San Patricio,19.22,-104.7,304.15,74,20,5.1,MX,1592427433
Poptún,16.33,-89.42,298.38,88,100,0.92,GT,1592427745
Altay,47.87,88.12,288.89,60,100,0.38,CN,1592427746
Puerto Ayora,-0.74,-90.35,297.15,78,75,3.6,EC,1592427402
Tot'ma,59.97,42.76,283.11,76,0,2.03,RU,1592427746
Cidreira,-30.18,-50.21,291.22,87,6,4.69,BR,1592427398
Khovd,48.01,91.64,290.01,52,70,0.26,MN,1592427746
Saint Paul Harbor,57.79,-152.41,283.15,87,90,7.7,US,1592427413
Abu Samrah,35.3,37.18,296.88,42,0,5.62,SY,1592427746
Vestmannaeyjar,63.44,-20.27,282.54,77,100,7.3,IS,1592427441
Yong’an,39.7,113.69,290.57,59,98,0.97,CN,1592427746
Tiksi,71.69,128.87,283.38,80,100,2.89,RU,1592427423
Hofn,64.25,-15.21,282.63,64,0,2.69,IS,1592427747
Avarua,-21.21,-159.78,296.15,64,91,4.6,CK,1592427396
Walvis Bay,-22.96,14.51,296.15,20,0,5.1,NA,1592427423
Abu Dhabi,24.47,54.37,305.37,79,0,2.1,AE,1592427603
Thompson,55.74,-97.86,279.15,93,90,8.2,CA,1592427398
Champasak,14.75,106.0,295.64,99,100,0.65,LA,1592427747
Pangody,65.85,74.49,276.71,75,0,3.46,RU,1592427747
Nome,64.5,-165.41,294.82,52,40,3.6,US,1592427425
Bluff,-46.6,168.33,277.04,83,22,1.34,NZ,1592427396
Bethel,41.37,-73.41,302.04,47,1,4.1,US,1592427420
Norman Wells,65.28,-126.83,300.15,36,40,6.2,CA,1592427403
Beloha,-25.17,45.05,290.65,79,48,5.55,MG,1592427438
Tiarei,-17.53,-149.33,301.15,74,75,3.6,PF,1592427748
Ancud,-41.87,-73.82,284.26,87,75,5.7,CL,1592427423
Lebu,-37.62,-73.65,284.81,83,64,5.75,CL,1592427406
Cape Town,-33.93,18.42,283.71,81,58,2.1,ZA,1592427140
Itatskiy,56.07,89.04,282.81,90,0,3.79,RU,1592427748
Viedma,-40.81,-63.0,284.05,70,100,1.41,AR,1592427405
Townsville,-19.25,146.8,294.82,83,75,4.6,AU,1592427316
Bermeo,43.42,-2.72,290.15,77,40,0.5,ES,1592427748
Tynda,55.17,124.72,283.75,71,0,0.39,RU,1592427748
Atar,20.52,-13.05,310.52,17,0,6.15,MR,1592427749
Castro,-24.79,-50.01,288.26,87,0,2.27,BR,1592427408
Mount Gambier,-37.83,140.77,280.15,87,84,3.6,AU,1592427749
Scottsbluff,41.87,-103.67,306.15,19,1,6.2,US,1592427749
Culebra,18.3,-65.3,305.15,52,1,6.2,PR,1592427749
Saldanha,-33.01,17.94,287.15,50,22,1,ZA,1592427433
Yulara,-25.24,130.99,279.15,48,0,2.6,AU,1592427434
Laas,46.62,10.7,283.15,87,75,4.1,IT,1592427735
Kerman,30.28,57.08,298.15,13,0,2.1,IR,1592427749
Qaanaaq,77.48,-69.36,274.37,88,34,1.05,GL,1592427416
Fairbanks,64.84,-147.72,297.04,37,1,1.5,US,1592427418
Deneysville,-26.89,28.1,277.82,90,52,2.93,ZA,1592427749
Chapais,49.78,-74.85,303.15,42,1,5.7,CA,1592427426
Lujiang,31.26,117.28,294.26,100,90,5,CN,1592427749
San Quintín,30.48,-115.95,293.93,64,0,6.3,MX,1592427425
Hamamatsu,34.7,137.73,294.82,85,100,1.84,JP,1592427750
Esmeraldas,-19.76,-44.31,291.15,72,75,5.1,BR,1592427750
Eureka,40.8,-124.16,296.48,30,0,3.58,US,1592427557
Ulaangom,49.98,92.07,289.95,51,97,0.91,MN,1592427750
Chiredzi,-21.05,31.67,285.45,90,32,2.45,ZW,1592427750
Cayenne,4.93,-52.33,298.15,94,75,2.5,GF,1592427439
Freeport,40.66,-73.58,297.04,68,90,6.2,US,1592427575
Barie,44.57,-0.11,287.59,85,32,1.34,FR,1592427750
Balabac,7.99,117.06,301.41,76,66,3.64,PH,1592427750
Cherskiy,68.75,161.3,297.62,30,29,1.66,RU,1592427397
Puerto Lumbreras,37.56,-1.81,293.71,73,51,0.45,ES,1592427751
Pāsighāt,28.07,95.33,297.73,88,100,0.57,IN,1592427751
Katima Mulilo,-17.5,24.27,285.15,58,0,0.5,NA,1592427751
Malayal,7.21,121.94,299.78,79,84,1.85,PH,1592427751
Imbituba,-28.24,-48.67,294.15,83,75,7.2,BR,1592427751
Bredasdorp,-34.53,20.04,282.15,87,0,1.9,ZA,1592427243
Dongsheng,39.82,109.98,289.2,55,12,2.09,CN,1592427751
Río Gallegos,-51.62,-69.22,273.15,96,0,1.5,AR,1592427751
Payson,40.04,-111.73,290.93,36,40,3.6,US,1592427204
New Norfolk,-42.78,147.06,273.71,88,0,1.13,AU,1592427398
Sarkand,45.41,79.92,285.71,51,0,2.41,KZ,1592427752
Diego de Almagro,-26.37,-70.05,291.22,29,0,1.34,CL,1592427752
Trindade,-16.65,-49.49,298.15,50,0,5.7,BR,1592427673
Hong Kong,22.29,114.16,302.04,70,11,4.02,HK,1592427398
Talara,-4.58,-81.27,293.03,78,2,6.86,PE,1592427345
Leh,34.17,77.58,283.34,48,3,2.4,IN,1592427412
Arraial do Cabo,-22.97,-42.03,295.15,68,20,5.7,BR,1592427410
Moose Factory,51.26,-80.61,306.15,43,1,7.2,CA,1592427752
Selma,36.57,-119.61,301.48,36,0,2,US,1592427752
Iqaluit,63.75,-68.51,278.15,65,90,6.7,CA,1592427407
Barrow,71.29,-156.79,279.15,70,1,5.1,US,1592427399
Khatanga,71.97,102.5,281.97,59,94,4.57,RU,1592427406
Nuuk,64.18,-51.72,277.15,86,75,1.5,GL,1592427714
Camaná,-16.62,-72.71,291.47,75,68,4,PE,1592427753
Kismayo,-0.36,42.55,299.11,77,29,8.31,SO,1592427753
Luganville,-15.53,167.17,299.15,88,75,4.1,VU,1592427753
Kavieng,-2.57,150.8,301.56,73,12,3.74,PG,1592427416
Caucayá,-0.19,-74.78,300.39,89,29,0.79,CO,1592427753
Klaksvík,62.23,-6.59,282.15,93,100,3.1,FO,1592427404
Ganta,7.3,-8.53,295.58,98,55,1.88,LR,1592427753
Ribeira Grande,38.52,-28.7,292.15,77,75,2.6,PT,1592427405
Tonota,-21.48,27.48,281.5,90,0,3.92,BW,1592427753
Lakatoro,-16.1,167.42,299.15,88,75,4.1,VU,1592427753
Maceió,-9.67,-35.74,299.15,69,40,5.1,BR,1592427602
Hay River,60.82,-115.8,287.15,58,75,6.7,CA,1592427753
Venado Tuerto,-33.75,-61.97,291.21,91,100,4.34,AR,1592427613
Zalari,53.56,102.51,282.33,77,8,1.67,RU,1592427754
Flinders,-34.58,150.86,285.93,85,73,0.45,AU,1592427754
Khanbari,27.37,87.2,297.11,74,100,0.27,NP,1592427419
Tha Bo,17.85,102.58,297.21,94,93,0.52,TH,1592427754
Gushikawa,26.35,127.87,301.15,88,75,9.3,JP,1592427754
Meulaboh,4.14,96.13,298.5,76,97,1.72,ID,1592427754
Kununurra,-15.77,128.73,290.15,47,0,1.5,AU,1592427411
Iquitos,-3.75,-73.25,304.15,62,75,2.1,PE,1592427714
Severo-Kuril'sk,50.68,156.12,279.7,88,100,2.84,RU,1592427404
Maravilha,-26.76,-53.17,296.48,56,0,2.59,BR,1592427542
Canutama,-6.53,-64.38,303.58,59,68,0.89,BR,1592427754
Margate,51.38,1.39,289.82,85,100,1.56,GB,1592427755
Guánica,17.97,-66.91,302.59,67,83,2.68,PR,1592427755
Chui,-33.7,-53.46,292.59,80,100,4.25,UY,1592427419
Nahavand,34.19,48.38,290.3,28,0,0.76,IR,1592427755
Port Moresby,-9.44,147.18,297.15,94,40,4.1,PG,1592427755
Karakol,42.49,78.39,283.22,71,83,0.88,KG,1592427755
East London,-33.02,27.91,289.58,73,1,6.01,ZA,1592427402
Marzuq,14.4,46.47,303.57,24,55,1.9,YE,1592427755
Channel-Port aux Basques,47.57,-59.14,287.92,69,98,2.73,CA,1592427755
Ust'-Ilimsk,58.0,102.66,280.7,71,10,0.87,RU,1592427755
Coquimbo,-29.95,-71.34,289.15,59,4,1,CL,1592427106
Kirakira,-10.45,161.92,300.35,81,30,3.38,SB,1592427755
Qazvin,36.28,50.0,296.15,46,40,1,IR,1592427756
Esim,4.87,-2.24,298.53,87,93,5.5,GH,1592427756
Suileng,47.25,127.08,284.8,82,0,2.39,CN,1592427756
Kachug,53.96,105.88,280.81,70,43,0.83,RU,1592427756
Konëvo,62.12,39.32,281.46,66,0,2.04,RU,1592427756
Mizdah,31.45,12.98,298.79,27,0,6.45,LY,1592427756
Alice Springs,-23.7,133.88,274.15,55,0,1,AU,1592427400
Sabla,12.75,4.71,304.56,59,9,7.3,NG,1592427756
Lompoc,34.64,-120.46,296.15,53,3,6.2,US,1592427431
Te Anau,-45.42,167.72,275.55,84,29,2.68,NZ,1592427406
Aykhal,66.0,111.5,284.15,53,0,2,RU,1592427444
Meadow Lake,34.8,-106.54,308.71,8,1,5.1,US,1592427723
Homer,59.64,-151.55,289.15,59,90,5.7,US,1592427757
Qandala,11.47,49.87,306.61,47,88,4.59,SO,1592427757
Karasjok,69.47,25.51,282.15,70,1,3.33,NO,1592427757
Los Llanos de Aridane,28.66,-17.92,296.15,83,20,3.6,ES,1592427757
Sibolga,1.74,98.78,297.57,82,96,1.39,ID,1592427757
Mogadishu,2.04,45.34,298.92,83,50,7.87,SO,1592427441
Talnakh,69.49,88.4,276.15,93,100,4,RU,1592427398
Westport,41.14,-73.36,296.48,64,75,4.6,US,1592427757
Latung,5.5,120.88,302.67,68,84,2.49,PH,1592427757
São Filipe,14.9,-24.5,298.24,75,2,4.48,CV,1592427757
Omsukchan,62.53,155.8,285.75,62,72,1.59,RU,1592427758
Raudeberg,61.99,5.14,287.59,92,6,1.67,NO,1592427758
Sinnamary,5.38,-52.95,300.63,80,89,2.43,GF,1592427444
Angoche,-16.23,39.91,294.46,84,8,4.73,MZ,1592427758
Les Cayes,18.2,-73.75,302.1,71,100,3.52,HT,1592427413
Lubango,-14.92,13.49,285.79,43,0,2.59,AO,1592427758
Provideniya,64.38,-173.3,286.15,58,97,4,RU,1592427400
Paso de los Toros,-32.82,-56.52,293.33,82,100,5.95,UY,1592427758
Kolosovka,56.47,73.61,286.32,97,90,5.17,RU,1592427759
Thinadhoo,0.53,72.93,301.9,77,30,2.97,MV,1592427759
Tuatapere,-46.13,167.68,277.04,83,23,1.34,NZ,1592427266
San Jose,37.34,-121.89,303.15,22,1,3.1,US,1592427371
San Joaquin,10.26,-67.79,301.02,68,1,3.15,VE,1592427759
Ugoofaaru,5.67,73.0,302.1,80,80,6.04,MV,1592427428
Kavaratti,10.57,72.64,302.35,77,100,10.23,IN,1592427413
Chernyshevskiy,63.01,112.47,284.33,65,93,1.29,RU,1592427759
Batagay-Alyta,67.8,130.41,293.37,42,0,1.58,RU,1592427759
Kurumkan,54.3,110.3,283.61,65,0,0.95,RU,1592427759
Dunedin,-45.87,170.5,280.93,73,56,8.94,NZ,1592427667
Coffs Harbour,-30.3,153.13,292.15,72,90,7.7,AU,1592427509
Cabo San Lucas,22.89,-109.91,306.15,36,5,4.1,MX,1592427361
Suntar,62.14,117.63,284.08,94,100,3.21,RU,1592427760
Smolenka,52.14,113.5,284.15,71,43,2,RU,1592427760
Narsaq,60.92,-46.05,281.15,65,75,3.6,GL,1592427414
Juneau,58.3,-134.42,286.15,76,90,4.1,US,1592427760
Okha,53.57,142.95,277.18,96,100,4.48,RU,1592427760
Mahébourg,-20.41,57.7,294.15,88,75,8.2,MU,1592427395
Vardø,70.37,31.11,280.15,81,13,5.1,NO,1592427760
Kibre Mengist,5.88,38.98,288.85,91,97,0.84,ET,1592427761
Mansehra,34.33,73.2,296.33,21,0,2.91,PK,1592427410
Sitka,57.05,-135.33,286.15,66,90,2.1,US,1592427402
Keti Bandar,24.14,67.45,302.51,84,0,5.79,PK,1592427761
Solnechnyy,50.72,136.63,279.98,80,99,3.61,RU,1592427397
Trenggalek,-8.05,111.72,297.51,88,70,2.15,ID,1592427761
Mount Isa,-20.73,139.5,290.15,51,0,2.1,AU,1592427761
Moroto,2.53,34.67,291.95,84,2,1.33,UG,1592427761
Ucluelet,48.93,-125.55,288.71,82,90,1,CA,1592427651
Santa Fe,-31.63,-60.7,297.59,69,100,1.34,AR,1592427649
Luanda,-8.84,13.23,296.15,88,20,2.6,AO,1592427340
Port Hardy,50.7,-127.42,287.15,76,75,2.6,CA,1592427432
Marolambo,-20.05,48.12,286.17,93,52,1.49,MG,1592427761
Namatanai,-3.67,152.43,299.7,81,52,3.96,PG,1592427415
Saint George,37.1,-113.58,304.82,20,1,4.6,US,1592427171
Touros,-5.2,-35.46,299.15,78,20,5.1,BR,1592427435
Chokurdakh,70.63,147.92,294.69,36,13,3.39,RU,1592427398
Sisimiut,66.94,-53.67,276.28,79,83,4.82,GL,1592427762
Kumluca,36.37,30.29,295.32,66,0,0.76,TR,1592427762
San Jerónimo,-11.95,-75.28,290.7,40,16,3.21,PE,1592427762
Bereda,43.27,-7.54,287.04,89,38,1.34,ES,1592427716
Hirara,24.8,125.28,301.68,83,100,10.34,JP,1592427412
Sousse,35.83,10.64,296.15,78,0,5.7,TN,1592427605
Kholtoson,50.3,103.31,281.42,89,76,0.55,RU,1592427762
Nyurba,63.28,118.33,285.58,82,100,3.77,RU,1592427762
Sringeri,13.42,75.25,297.15,94,75,3.1,IN,1592427763
San Francisco,37.77,-122.42,302.15,21,1,4.1,US,1592427083
Leningradskiy,69.38,178.42,282.84,52,99,4.29,RU,1592427411
Pāveh,35.04,46.36,290.01,30,0,1.57,IR,1592427763
Nemuro,43.32,145.57,284.57,93,99,3.73,JP,1592427437
Deputatsky,69.3,139.9,294.33,42,0,2.34,RU,1592427763
Morón,-34.65,-58.62,299.15,57,87,4.1,AR,1592427422
Beringovskiy,63.05,179.32,283.29,59,0,1.26,RU,1592427395
Christchurch,-43.53,172.63,280.37,100,98,4.6,NZ,1592427358
Port Hedland,-20.32,118.57,291.15,82,90,3.6,AU,1592427447
Rolla,37.95,-91.77,302.59,42,20,3.6,US,1592427661
Adrar,20.5,-10.07,310.69,15,0,7.77,MR,1592427435
Beyneu,45.32,55.2,299.83,17,0,4.16,KZ,1592427764
Catemaco,18.42,-95.12,304.15,70,40,7.2,MX,1592427764
Kupang,-10.17,123.58,297.61,77,13,6.08,ID,1592427764
High Level,58.52,-117.14,288.15,77,75,3.6,CA,1592427436
Rivne,50.62,26.23,290.93,98,3,2.75,UA,1592427764
Bonoua,5.27,-3.6,300.15,88,75,5.1,CI,1592427765
Kalmunai,7.42,81.82,300.65,76,100,4.4,LK,1592427399
Limoeiro do Norte,-5.15,-38.1,298.98,74,61,2.48,BR,1592427471
Copalillo,18.03,-99.12,307.89,34,4,1.04,MX,1592427765
Gunjur,13.2,-16.73,301.15,83,0,5.7,GM,1592427765
Necochea,-38.55,-58.74,289.82,99,100,2.79,AR,1592427409
Klaeng,12.78,101.65,297.1,94,100,0.9,TH,1592427765
Mayo,38.89,-76.51,295.37,78,90,4.1,US,1592427765
Ponta do Sol,32.67,-17.1,293.15,72,40,2.6,PT,1592427411
Nivala,63.92,24.97,292.04,56,22,0.89,FI,1592427765
Vereya,55.34,36.17,291.15,90,84,1.65,RU,1592427766
Praia,14.92,-23.51,302.15,51,9,7.7,CV,1592427720
Asău,46.43,26.4,288.71,93,98,1.08,RO,1592427690
Hanmer Springs,-42.52,172.82,279.3,85,100,2.93,NZ,1592427766
Longyearbyen,78.22,15.64,277.15,69,20,2.6,SJ,1592427208
Wasilla,61.58,-149.44,288.15,50,40,2.6,US,1592427715
Sumkino,58.11,68.32,280.2,86,73,2.91,RU,1592427766
Berlevåg,70.86,29.09,280.15,75,7,3.6,NO,1592427418
Severo-Yeniseyskiy,60.37,93.04,280.1,79,3,1.74,RU,1592427766
Prince Albert,53.2,-105.77,284.15,87,90,6.2,CA,1592427766
Marystown,47.17,-55.15,287.34,59,92,6.32,CA,1592427665
Tete,-16.16,33.59,294.15,56,20,2.6,MZ,1592427766
Dingli,35.86,14.38,295.15,64,0,2.6,MT,1592427767
Buala,-8.14,159.59,300.97,78,61,2.98,SB,1592427402
Tocache,-8.18,-76.51,302.79,55,32,1.45,PE,1592427767
Havre-St-Pierre,50.23,-63.6,290.15,67,90,4.6,CA,1592427432
Okhotsk,59.38,143.3,281.45,90,88,2.03,RU,1592427767
Araouane,18.9,-3.53,312.55,7,0,3.63,ML,1592427767
Dinguiraye,11.3,-10.72,297.47,87,53,3.52,GN,1592427767
Anadyr,64.75,177.48,293.15,45,20,3,RU,1592427767
Saint-Joseph,-21.37,55.62,292.15,88,75,7.2,RE,1592427726
Ceres,37.59,-120.96,302.04,22,1,7.2,US,1592427768
Lamont,35.26,-118.91,304.26,29,0,4.02,US,1592427768
Balkhash,46.84,74.98,289.68,61,9,8.36,KZ,1592427768
Labuhan,-6.88,112.21,298.08,88,20,3.29,ID,1592427413
Saskylakh,71.92,114.08,288.64,52,60,8.35,RU,1592427395
Axente Sever,46.1,24.22,291.15,100,75,1,RO,1592427485
Souillac,-20.52,57.52,294.15,88,75,8.2,MU,1592427204
Kribi,2.95,9.92,298.07,89,99,5.11,CM,1592427768
Berëzovka,53.72,25.5,292.18,82,86,3.84,BY,1592427768
Estelle,29.85,-90.11,305.37,33,40,3.1,US,1592427768
Kiryat Gat,31.61,34.76,298.71,52,0,1.34,IL,1592427409
Brus Laguna,15.75,-84.48,300.72,79,92,2.5,HN,1592427769
Perevolotskiy,51.88,54.19,290.2,90,25,2.46,RU,1592427769
Aurillac,44.92,2.45,285.37,93,90,1.5,FR,1592427769
Yangi Marg`ilon,40.43,71.72,293.15,42,60,3.1,UZ,1592427437
Pangnirtung,66.15,-65.71,277.15,69,90,7.7,CA,1592427439
George Town,5.41,100.34,300.15,94,40,2.1,MY,1592427344
Puerto Escondido,15.85,-97.07,304.15,66,75,3.1,MX,1592427769
Emerald,-23.53,148.17,287.15,76,0,3.6,AU,1592427769
Gijang,35.24,129.21,291.15,88,90,2.6,KR,1592427769
Rybachiy,48.71,44.74,296.15,35,28,6,RU,1592427770
Ahipara,-35.17,173.17,288.85,90,88,4.35,NZ,1592427770
Rome,43.21,-75.46,303.15,25,1,3.1,US,1592427430
Luanda,-8.84,13.23,296.15,88,20,2.6,AO,1592427770
Oriximiná,-1.77,-55.87,301.74,71,27,1.73,BR,1592427529
Marawi,8.0,124.29,293.65,90,100,1.42,PH,1592427770
Alassio,44.0,8.17,292.15,77,20,5.1,IT,1592427770
Kottayam,9.58,76.52,299.15,94,75,0.74,IN,1592427770
Volkach,49.87,10.23,290.37,94,100,3.44,DE,1592427770
Patti,31.28,74.86,308.15,55,40,2.6,IN,1592427770
Pandan,14.05,124.17,300.38,85,100,3.06,PH,1592427771
Coyhaique,-45.58,-72.07,279.15,93,75,2.1,CL,1592427771
Yārāda,17.65,83.27,302.15,89,40,1,IN,1592427771
Praia da Vitória,38.73,-27.07,291.15,72,75,4.29,PT,1592427445
Murray Bridge,-35.12,139.27,283.71,79,0,1.34,AU,1592427771
Joensuu,62.6,29.76,292.15,52,20,2.6,FI,1592427474
Le Mars,42.79,-96.17,306.15,41,1,12.9,US,1592427771
Port Blair,11.67,92.75,301.45,81,100,5.42,IN,1592427247
Libreville,0.39,9.45,299.15,83,20,3.1,GA,1592427446
Namikupa,-10.83,39.6,292.08,82,24,1.89,TZ,1592427771
Savannah Bight,16.45,-85.85,301.3,78,94,9.84,HN,1592427771
Kimbe,-5.55,150.14,297.53,86,71,2.55,PG,1592427771
Udalguri,26.77,92.13,298.33,90,100,1.84,IN,1592427772
Ust'-Barguzin,53.45,108.98,280.18,80,0,1.07,RU,1592427772
Palmas de Monte Alto,-14.27,-43.16,294.87,62,77,2.8,BR,1592427772
Nueva Gerona,21.88,-82.8,302.94,65,100,3.77,CU,1592427772
Vuktyl,63.86,57.31,276.84,76,32,3.6,RU,1592427772
São Félix do Xingu,-6.64,-51.99,298.99,72,33,1.26,BR,1592427438
Pacific Grove,36.62,-121.92,299.26,59,1,3.6,US,1592427419
Auki,-8.77,160.7,299.88,80,65,1.87,SB,1592427437
Kushima,31.46,131.23,294.82,91,75,0.5,JP,1592427772
Vysokogornyy,50.12,139.15,280.63,93,100,1.11,RU,1592427772
Loreto,22.27,-101.97,300.97,23,25,4.58,MX,1592427773
Coari,-4.08,-63.14,299.91,81,79,1.91,BR,1592427440
Abalak,58.13,68.59,280.01,84,58,2.95,RU,1592427773
Pabradė,55.0,25.78,295.15,64,97,2.6,LT,1592427544
Torbay,47.67,-52.73,294.26,37,90,8.2,CA,1592427416
Constitución,-35.33,-72.42,285.36,87,88,4.51,CL,1592427439
Joplin,37.08,-94.51,304.26,51,75,4.1,US,1592427660
Kuloy,61.03,42.49,281.97,66,0,2.16,RU,1592427773
Vila Velha,-20.33,-40.29,296.15,69,40,2.6,BR,1592427427
Halifax,44.65,-63.57,298.15,54,0,2.24,CA,1592427337
Mocuba,-16.84,36.99,289.37,98,0,1.97,MZ,1592427773
Shache,38.42,77.24,294.31,31,0,2.81,CN,1592427774
Zambezi,-13.54,23.1,286.09,58,0,3.54,ZM,1592427725
Kenai,60.55,-151.26,290.15,48,1,9.8,US,1592427774
Lehigh Acres,26.63,-81.62,305.37,46,90,3.1,US,1592427643
Egvekinot,66.32,-179.17,287.02,42,70,0.88,RU,1592427774
Hangu,39.25,117.79,295.15,60,62,2,CN,1592427774
Skibotn,69.39,20.27,286.15,62,7,2.6,NO,1592427774
Bowen,-20.02,148.23,294.26,88,90,4.6,AU,1592427774
Ozernovskiy,51.5,156.52,279.68,88,100,2.25,RU,1592427774
Hachinohe,40.5,141.5,287.15,93,75,0.5,JP,1592427774
Paamiut,61.99,-49.67,275.35,85,99,1.1,GL,1592427414
Kahului,20.89,-156.47,304.15,43,20,9.3,US,1592427409
Pucallpa,-8.38,-74.55,305.15,55,40,0.5,PE,1592427775
Vao,-22.67,167.48,295.94,78,98,5.74,NC,1592427447
Turka,49.15,23.03,291.48,81,11,0.9,UA,1592427775
Byron Bay,-28.65,153.62,286.15,93,75,2.6,AU,1592427313
Monte Alegre de Sergipe,-10.03,-37.56,293.58,89,0,3.74,BR,1592427775
Macao,22.2,113.55,302.15,88,40,4.6,MO,1592427775
Aklavik,68.22,-135.01,290.15,59,40,2.1,CA,1592427424
Oranjemund,-28.55,16.43,293.43,29,0,8.13,NA,1592427775
Svetlaya,46.54,138.33,281.99,92,100,3.18,RU,1592427775
Berdigestyakh,62.1,126.7,290.69,59,18,3.63,RU,1592427775
Pozo Colorado,-23.49,-58.8,299.24,57,80,4.03,PY,1592427776
Warmbad,-28.45,18.73,285.22,48,0,5.91,NA,1592427776
San Isidro,-12.12,-77.05,292.15,72,90,6.2,PE,1592427776
Dengzhou,37.81,120.75,292.88,87,100,4.46,CN,1592427776
Beidao,34.57,105.89,287.25,76,0,0.75,CN,1592427776
Progreso,21.28,-89.67,304.82,74,75,3.1,MX,1592427520
Ponérihouen,-21.08,165.4,294.72,69,67,2.22,NC,1592427776
Dhārchula,29.85,80.53,294.11,66,14,0.89,IN,1592427776
Natal,-5.79,-35.21,300.15,74,20,6.2,BR,1592427661
Broken Hill,-31.95,141.43,280.15,75,0,2.6,AU,1592427418
Benghazi,32.12,20.07,295.05,82,0,2.71,LY,1592427776
Henties Bay,-22.12,14.28,296.48,22,0,0.89,NA,1592427776
Castelo do Piauí,-5.32,-41.55,298.22,56,0,2.04,BR,1592427777
Clyde River,70.47,-68.59,275.15,80,90,4.1,CA,1592427403
Dicabisagan,17.08,122.42,298.58,78,99,1.07,PH,1592427700
Oyama,36.3,139.8,296.48,93,75,1.5,JP,1592427777
Ismailia,30.6,32.27,296.42,78,0,8.11,EG,1592427777
Kirkwall,58.98,-2.96,287.15,87,0,1.5,GB,1592427777
Nara,34.69,135.8,295.93,77,100,0.5,JP,1592427271
Flin Flon,54.77,-101.86,280.15,93,90,5.1,CA,1592427777
Markova,48.68,24.41,287.3,93,52,0.79,UA,1592427777
Prince Rupert,54.32,-130.32,289.15,63,90,2.1,CA,1592427777
Mpika,-11.83,31.45,283.6,75,6,3,ZM,1592427777
Kanashevo,55.22,62.06,287.15,82,40,3,RU,1592427777
Galveston,29.37,-94.97,306.48,55,1,3.6,US,1592427685
Magadan,59.57,150.8,282.33,85,49,2.05,RU,1592427778
Bahía de Caráquez,-0.6,-80.42,299.15,83,75,4.6,EC,1592427778
La Paz,-16.5,-68.15,290.15,17,40,8.2,BO,1592426980
Birecik,37.03,37.99,298.15,44,0,6.2,TR,1592427778
Bilibino,68.05,166.44,296.24,29,96,1.99,RU,1592427778
Puerto Madryn,-42.77,-65.04,285.71,51,98,2.83,AR,1592427445
Balaipungut,1.05,101.28,297.55,88,100,1.08,ID,1592427778
Ilulissat,69.22,-51.1,277.15,73,85,3.1,GL,1592427413
Shelburne,44.08,-80.2,302.15,30,20,4.1,CA,1592427663
Slave Lake,55.28,-114.77,286.15,82,90,2.1,CA,1592427686
Thaton,16.92,97.37,297.11,95,100,1.57,MM,1592427779
Bara,10.37,10.73,299.35,78,99,5.59,NG,1592427779
Stuttgart,48.78,9.18,288.15,87,90,2.1,DE,1592427769
Lishu,43.3,124.33,289.85,79,9,3.4,CN,1592427779
Sobolevo,54.43,31.9,290.17,87,0,2.73,RU,1592427415
Alta Floresta,-9.88,-56.09,299.18,69,20,1.92,BR,1592427418
San Bartolomé de Tirajana,27.92,-15.57,296.15,83,75,4.1,ES,1592427779
Qasigiannguit,68.82,-51.19,277.15,80,88,3.1,GL,1592427779
Taseyevo,57.22,94.9,281.82,67,0,2.76,RU,1592427779
Karpogory,64.0,44.45,280.21,76,0,1.3,RU,1592427779
Inuvik,68.35,-133.72,288.15,72,75,2.6,CA,1592427779
Kumul,42.8,93.45,302.37,14,96,1.8,CN,1592427779
Vrangel',42.73,133.08,286.07,92,74,5.23,RU,1592427780
Camacha,33.08,-16.33,292.15,88,40,2.6,PT,1592427780
Merauke,-8.47,140.33,298.02,87,22,6.82,ID,1592427307
Qeshm,26.96,56.27,305.15,84,40,4.1,IR,1592427780
Matadi,-5.82,13.45,296.42,79,15,2.07,CD,1592427780
Burnie,-41.07,145.92,279.82,80,47,2.24,AU,1592427780
College,64.86,-147.8,297.04,37,40,1.5,US,1592427433
Jizan,17.33,42.67,306.15,66,64,2.1,SA,1592427418
Lüderitz,-26.65,15.16,295.24,22,0,8.03,NA,1592427430
Ampanihy,-24.7,44.75,289.11,72,0,5.31,MG,1592427781
Bodden Town,19.28,-81.25,304.26,66,20,2.6,KY,1592427781
Khorinsk,52.17,109.77,282.21,66,0,1.23,RU,1592427781
Antalaha,-14.9,50.28,292.8,78,3,5.12,MG,1592427781
Bayir,37.27,28.22,294.15,83,20,2.6,TR,1592427781
Kloulklubed,7.04,134.26,302.25,71,100,2.19,PW,1592427781
Sabang,5.89,95.32,301.52,77,89,3.24,ID,1592427781
Pandaria,22.23,81.42,299.25,74,100,3.05,IN,1592427781
Bandarbeyla,9.49,50.81,300.59,71,90,14.56,SO,1592427781
Jumla,29.27,82.18,290.5,69,82,0.69,NP,1592427395
Āmli,20.28,73.02,300.48,80,69,5.02,IN,1592427781
Sola,-13.88,167.55,299.83,84,100,9.81,VU,1592427425
Soyo,-6.13,12.37,296.03,88,47,2.2,AO,1592427405
Datong,40.09,113.29,292.18,57,99,1.77,CN,1592427782
Sarakhs,36.54,61.16,299.15,31,0,2.1,IR,1592427724
Oussouye,12.48,-16.55,303.15,74,38,3.1,SN,1592427782
Evensk,61.95,159.23,286.05,69,17,1.59,RU,1592427782
Fredericksburg,38.3,-77.46,293.15,100,90,4.6,US,1592427782
Gómez Palacio,25.57,-103.5,309.15,22,40,2.1,MX,1592427782
Hamilton,39.18,-84.53,301.48,39,20,5.1,US,1592427782
Sibu,2.3,111.82,297.15,100,75,2.1,MY,1592427782
Boyolangu,-8.12,111.89,297.68,89,45,2.75,ID,1592427783
Bereket,39.24,55.52,302.14,13,0,8.34,TM,1592427432
Tabuk,17.42,121.44,296.72,88,87,1.25,PH,1592427783
La Ronge,55.1,-105.28,283.15,71,90,8.7,CA,1592427409
Aktanysh,55.72,54.08,283.48,82,5,2.97,RU,1592427783
Fuerte Olimpo,-21.04,-57.87,300.4,50,82,3.58,PY,1592427783
St. George's,12.06,-61.75,302.15,79,40,10.3,GD,1592427782
The Valley,18.22,-63.06,303.15,62,40,7.2,AI,1592427548
Lima,-12.04,-77.03,292.15,72,90,6.2,PE,1592427764
Olafsvik,64.89,-23.71,282.23,79,100,4.08,IS,1592427401
Cootamundra,-34.65,148.03,281.48,81,0,1.79,AU,1592427783
Aksarka,66.56,67.8,275.01,84,13,3.57,RU,1592427783
Gorontalo,0.54,123.06,296.97,88,85,1.38,ID,1592427402
Stornoway,58.21,-6.39,286.48,93,59,2.1,GB,1592427784
Lyuban',52.8,28.0,291.48,93,0,3.5,BY,1592427784
Nikolayevsk-on-Amur,53.14,140.73,279.85,91,100,1.7,RU,1592427784
San Cristobal,7.77,-72.22,306.15,43,40,9.3,VE,1592427734
Ballina,-28.87,153.57,286.15,93,75,2.6,AU,1592427784
Saint Anthony,45.02,-93.22,305.15,38,1,8.7,US,1592427672
Requena,39.49,-1.1,290.37,85,67,1.79,ES,1592427784
Samaná,19.21,-69.34,305.15,70,75,5.1,DO,1592427785
Noumea,-22.28,166.46,292.15,93,90,1,NC,1592427718
Port Lincoln,-34.73,135.87,286.37,63,8,8.99,AU,1592427430
Rosário do Sul,-30.26,-54.91,294.01,80,4,5.3,BR,1592427785
Kota Kinabalu,5.97,116.07,299.15,94,20,2.41,MY,1592427785
Barra Patuca,15.8,-84.28,300.68,82,98,4.82,HN,1592427785
Ushtobe,45.25,77.98,289.03,56,4,4.58,KZ,1592427785
Cururupu,-1.83,-44.87,297.86,94,82,1.31,BR,1592427445
Finschhafen,-6.6,147.87,298.53,79,86,4.17,PG,1592427786
Kruisfontein,-34.0,24.73,285.04,41,0,2.62,ZA,1592427407
Departamento de Maldonado,-34.67,-54.92,296.48,83,100,4.6,UY,1592427786
Khasan,42.43,130.64,287.63,94,100,4.11,RU,1592427786
Lorengau,-2.02,147.27,300.78,78,42,4.13,PG,1592427427
Jardim,-21.48,-56.14,298.28,49,99,3.37,BR,1592427692
Helong,42.54,129.0,287.68,90,53,0.77,CN,1592427786
Isangel,-19.55,169.27,296.15,88,75,3.1,VU,1592427420
Tatarsk,55.22,75.98,284.45,72,0,3.71,RU,1592427786
Xuanzhou,30.95,118.76,298.78,88,98,1.8,CN,1592427786
Fort Wayne,41.13,-85.13,302.15,32,75,3.1,US,1592427565
Kieta,-6.22,155.63,299.89,72,100,2.06,PG,1592427787
Itarema,-2.92,-39.92,298.57,85,3,4.65,BR,1592427401
Cap Malheureux,-19.98,57.61,293.71,90,43,5.36,MU,1592427787
Sovetskiy,61.36,63.58,280.02,66,67,3.6,RU,1592427787
Aitape,-3.14,142.35,297.98,83,0,1.93,PG,1592427787
Tiznit Province,29.58,-9.5,292.97,55,4,2.06,MA,1592427787
Santa Rosalía,27.32,-112.28,304.66,36,0,3.07,MX,1592427787
Port-Cartier,50.03,-66.87,296.15,46,75,3.6,CA,1592427787
Mana,5.66,-53.78,300.19,82,29,2.51,GF,1592427399
Novopokrovka,49.84,36.55,296.15,56,34,2,UA,1592427787
Gardez,33.6,69.23,289.34,30,0,2.13,AF,1592427788
Olutanga,7.31,122.85,302.5,71,100,2.77,PH,1592427788
San Felipe,10.34,-68.74,301.68,67,16,4.08,VE,1592427788
Biak,-0.91,122.88,298.48,83,76,3.42,ID,1592427788
Ben Gardane,33.14,11.22,299.81,42,0,6.13,TN,1592427788
Sechura,-5.56,-80.82,297.38,56,3,7.03,PE,1592427433
Campo Maior,-4.83,-42.17,299.02,61,13,1.61,BR,1592427788
Karpathos,35.51,27.21,294.6,83,0,5.34,GR,1592427788
Tarakan,3.3,117.63,299.79,85,100,2.43,ID,1592427789
Pecos,31.42,-103.49,305.15,33,40,6.7,US,1592427789
Hobyo,5.35,48.53,299.79,70,100,12.45,SO,1592427401
Tchibanga,-2.85,11.03,294.06,95,99,1.06,GA,1592427789
Arrondissement de Lannion,48.75,-3.42,287.15,93,85,0.5,FR,1592427789
Aswān,24.09,32.91,304.17,13,0,2.6,EG,1592427245
Inhambane,-23.86,35.38,292.51,82,29,6.18,MZ,1592427789
Yumen,40.28,97.2,294.76,20,100,2.53,CN,1592427419
Wilmington Island,32.0,-80.97,301.48,53,20,2.1,US,1592427624
Phalaborwa,-23.94,31.14,287.15,76,25,3.1,ZA,1592427789
Kangaatsiaq,68.31,-53.46,275.4,89,22,4.04,GL,1592427789
San Vicente,-26.62,-54.13,292.93,77,0,2.26,AR,1592427606
